name,kcal_per_100g,protein_g,carbs_g,fat_g,source
"rice, white, cooked",130,2.7,28.2,0.3,USDA FDC
"chicken breast, grilled",165,31.0,0.0,3.6,USDA FDC
"egg, boiled",155,12.6,1.1,10.6,USDA FDC
"egg, scrambled",149,10.0,1.6,11.0,USDA FDC
"pasta, cooked",158,5.8,30.9,0.9,USDA FDC
"beef steak, grilled",250,26.0,0.0,15.0,USDA FDC
"ground beef, cooked",260,26.0,0.0,17.0,USDA FDC
"salmon, grilled",206,22.0,0.0,12.0,USDA FDC
"tuna, canned in water",116,26.0,0.0,1.0,USDA FDC
"bread, white",265,9.0,49.0,3.2,USDA FDC
"bread, whole wheat",247,13.0,41.0,3.4,USDA FDC
"oatmeal, cooked",68,2.4,12.0,1.4,USDA FDC
"cheese, cheddar",403,25.0,1.3,33.0,USDA FDC
"cheese, feta",264,14.0,4.1,21.0,USDA FDC
"cheese, kashar",350,27.0,1.5,27.0,TurKomp
"milk, whole",61,3.2,4.8,3.3,USDA FDC
"yogurt, greek plain",59,10.0,3.6,0.4,USDA FDC
"yogurt, plain",61,3.5,4.7,3.3,USDA FDC
"butter",717,0.9,0.1,81.0,USDA FDC
"olive oil",884,0.0,0.0,100.0,USDA FDC
"apple",52,0.3,13.8,0.2,USDA FDC
"banana",89,1.1,22.8,0.3,USDA FDC
"orange",47,0.9,11.8,0.1,USDA FDC
"strawberries",32,0.7,7.7,0.3,USDA FDC
"tomato",18,0.9,3.9,0.2,USDA FDC
"cucumber",15,0.7,3.6,0.1,USDA FDC
"carrot, raw",41,0.9,9.6,0.2,USDA FDC
"broccoli, cooked",35,2.4,7.2,0.4,USDA FDC
"spinach, cooked",23,3.0,3.8,0.3,USDA FDC
"avocado",160,2.0,8.5,15.0,USDA FDC
"potato, boiled",87,1.9,20.1,0.1,USDA FDC
"french fries",312,3.4,41.0,15.0,USDA FDC
"lentil soup",56,3.4,8.5,1.1,TurKomp
"menemen",110,6.2,3.5,8.0,TurKomp
"kuru fasulye",112,7.5,16.0,2.5,TurKomp
"bulgur pilaf, cooked",120,3.1,25.0,1.2,TurKomp
"simit, turkish bagel",272,9.2,57.0,3.5,TurKomp
"lahmacun",160,8.0,22.0,4.5,TurKomp
"kofte, grilled meatballs",210,18.0,6.0,13.0,TurKomp
"almonds",579,21.0,22.0,50.0,USDA FDC
"walnuts",654,15.0,14.0,65.0,USDA FDC
"peanut butter",588,25.0,20.0,50.0,USDA FDC
"hummus",166,7.9,14.3,9.6,USDA FDC
"green salad with dressing",85,1.2,4.5,7.0,USDA FDC
"black olives",115,0.8,6.0,10.7,USDA FDC
"green olives",145,1.0,3.8,15.3,USDA FDC
"honey",304,0.3,82.0,0.0,USDA FDC
"dark chocolate 70 percent",598,7.8,46.0,43.0,USDA FDC
"pizza margherita",266,11.0,33.0,10.0,USDA FDC
"hamburger",254,12.0,28.0,10.0,USDA FDC
"chickpeas, boiled",164,8.9,27.4,2.6,USDA FDC
"ayran",36,1.8,2.6,2.0,TurKomp
"baklava",428,6.0,53.0,22.0,TurKomp
"white bread toast",270,8.5,50.5,3.5,USDA FDC
"mushroom, sautéed",48,2.2,4.4,3.1,USDA FDC